username,email,populationId,firstName,middleName,lastName,prefix,suffix,formattedName,nickname,title,preferredLanguage,locale,timezone,externalId,type,active,primaryPhone,mobilePhone,streetAddress,countryCode,locality,region,postalCode,password
37quqeweop,37quqeweop@mailinator.com,1dd684e3-82ee-4e68-9d25-00401bc62e7a,Jane,B,Doe,Ms.,PhD,"Ms. Jane B Doe, PhD",Janie,Engineer,en,US,America/New_York,ext-789,employee,True,555-111-2222,555-333-4444,123 Main St,US,New York,NY,10001,2Federate!
45of05e9te,45of05e9te@mailinator.com,1dd684e3-82ee-4e68-9d25-00401bc62e7a,Jane,B,Doe,Ms.,PhD,"Ms. Jane B Doe, PhD",Janie,Engineer,en,US,America/New_York,ext-789,employee,True,555-111-2222,555-333-4444,123 Main St,US,New York,NY,10001,2Federate!
03tiap61fj,03tiap61fj@mailinator.com,1dd684e3-82ee-4e68-9d25-00401bc62e7a,Jane,B,Doe,Ms.,PhD,"Ms. Jane B Doe, PhD",Janie,Engineer,en,US,America/New_York,ext-789,employee,True,555-111-2222,555-333-4444,123 Main St,US,New York,NY,10001,2Federate!
18zwyd4nrd,18zwyd4nrd@mailinator.com,1dd684e3-82ee-4e68-9d25-00401bc62e7a,Jane,B,Doe,Ms.,PhD,"Ms. Jane B Doe, PhD",Janie,Engineer,en,US,America/New_York,ext-789,employee,True,555-111-2222,555-333-4444,123 Main St,US,New York,NY,10001,2Federate!
92geyat509,92geyat509@mailinator.com,1dd684e3-82ee-4e68-9d25-00401bc62e7a,Jane,B,Doe,Ms.,PhD,"Ms. Jane B Doe, PhD",Janie,Engineer,en,US,America/New_York,ext-789,employee,True,555-111-2222,555-333-4444,123 Main St,US,New York,NY,10001,2Federate!
86gq408emd,86gq408emd@mailinator.com,1dd684e3-82ee-4e68-9d25-00401bc62e7a,Jane,B,Doe,Ms.,PhD,"Ms. Jane B Doe, PhD",Janie,Engineer,en,US,America/New_York,ext-789,employee,True,555-111-2222,555-333-4444,123 Main St,US,New York,NY,10001,2Federate!
72cq8pwayc,72cq8pwayc@mailinator.com,1dd684e3-82ee-4e68-9d25-00401bc62e7a,Jane,B,Doe,Ms.,PhD,"Ms. Jane B Doe, PhD",Janie,Engineer,en,US,America/New_York,ext-789,employee,True,555-111-2222,555-333-4444,123 Main St,US,New York,NY,10001,2Federate!
53nvwcfrfc,53nvwcfrfc@mailinator.com,1dd684e3-82ee-4e68-9d25-00401bc62e7a,Jane,B,Doe,Ms.,PhD,"Ms. Jane B Doe, PhD",Janie,Engineer,en,US,America/New_York,ext-789,employee,True,555-111-2222,555-333-4444,123 Main St,US,New York,NY,10001,2Federate!
27gkix83zm,27gkix83zm@mailinator.com,1dd684e3-82ee-4e68-9d25-00401bc62e7a,Jane,B,Doe,Ms.,PhD,"Ms. Jane B Doe, PhD",Janie,Engineer,en,US,America/New_York,ext-789,employee,True,555-111-2222,555-333-4444,123 Main St,US,New York,NY,10001,2Federate!
96ozjh6djd,96ozjh6djd@mailinator.com,1dd684e3-82ee-4e68-9d25-00401bc62e7a,Jane,B,Doe,Ms.,PhD,"Ms. Jane B Doe, PhD",Janie,Engineer,en,US,America/New_York,ext-789,employee,True,555-111-2222,555-333-4444,123 Main St,US,New York,NY,10001,2Federate!
20xn4vky6a,20xn4vky6a@mailinator.com,1dd684e3-82ee-4e68-9d25-00401bc62e7a,Jane,B,Doe,Ms.,PhD,"Ms. Jane B Doe, PhD",Janie,Engineer,en,US,America/New_York,ext-789,employee,True,555-111-2222,555-333-4444,123 Main St,US,New York,NY,10001,2Federate!
64uaeq16r0,64uaeq16r0@mailinator.com,1dd684e3-82ee-4e68-9d25-00401bc62e7a,Jane,B,Doe,Ms.,PhD,"Ms. Jane B Doe, PhD",Janie,Engineer,en,US,America/New_York,ext-789,employee,True,555-111-2222,555-333-4444,123 Main St,US,New York,NY,10001,2Federate!
63jferryhb,63jferryhb@mailinator.com,1dd684e3-82ee-4e68-9d25-00401bc62e7a,Jane,B,Doe,Ms.,PhD,"Ms. Jane B Doe, PhD",Janie,Engineer,en,US,America/New_York,ext-789,employee,True,555-111-2222,555-333-4444,123 Main St,US,New York,NY,10001,2Federate!
47wwratpsd,47wwratpsd@mailinator.com,1dd684e3-82ee-4e68-9d25-00401bc62e7a,Jane,B,Doe,Ms.,PhD,"Ms. Jane B Doe, PhD",Janie,Engineer,en,US,America/New_York,ext-789,employee,True,555-111-2222,555-333-4444,123 Main St,US,New York,NY,10001,2Federate!
50mxbwvo7u,50mxbwvo7u@mailinator.com,1dd684e3-82ee-4e68-9d25-00401bc62e7a,Jane,B,Doe,Ms.,PhD,"Ms. Jane B Doe, PhD",Janie,Engineer,en,US,America/New_York,ext-789,employee,True,555-111-2222,555-333-4444,123 Main St,US,New York,NY,10001,2Federate!
33ongxj2tf,33ongxj2tf@mailinator.com,1dd684e3-82ee-4e68-9d25-00401bc62e7a,Jane,B,Doe,Ms.,PhD,"Ms. Jane B Doe, PhD",Janie,Engineer,en,US,America/New_York,ext-789,employee,True,555-111-2222,555-333-4444,123 Main St,US,New York,NY,10001,2Federate!
51plqyn83w,51plqyn83w@mailinator.com,1dd684e3-82ee-4e68-9d25-00401bc62e7a,Jane,B,Doe,Ms.,PhD,"Ms. Jane B Doe, PhD",Janie,Engineer,en,US,America/New_York,ext-789,employee,True,555-111-2222,555-333-4444,123 Main St,US,New York,NY,10001,2Federate!
09xmz4n988,09xmz4n988@mailinator.com,1dd684e3-82ee-4e68-9d25-00401bc62e7a,Jane,B,Doe,Ms.,PhD,"Ms. Jane B Doe, PhD",Janie,Engineer,en,US,America/New_York,ext-789,employee,True,555-111-2222,555-333-4444,123 Main St,US,New York,NY,10001,2Federate!
03pvo8k0re,03pvo8k0re@mailinator.com,1dd684e3-82ee-4e68-9d25-00401bc62e7a,Jane,B,Doe,Ms.,PhD,"Ms. Jane B Doe, PhD",Janie,Engineer,en,US,America/New_York,ext-789,employee,True,555-111-2222,555-333-4444,123 Main St,US,New York,NY,10001,2Federate!
47cqc0btao,47cqc0btao@mailinator.com,1dd684e3-82ee-4e68-9d25-00401bc62e7a,Jane,B,Doe,Ms.,PhD,"Ms. Jane B Doe, PhD",Janie,Engineer,en,US,America/New_York,ext-789,employee,True,555-111-2222,555-333-4444,123 Main St,US,New York,NY,10001,2Federate!
02vfrl1glx,02vfrl1glx@mailinator.com,1dd684e3-82ee-4e68-9d25-00401bc62e7a,Jane,B,Doe,Ms.,PhD,"Ms. Jane B Doe, PhD",Janie,Engineer,en,US,America/New_York,ext-789,employee,True,555-111-2222,555-333-4444,123 Main St,US,New York,NY,10001,2Federate!
66xyn1y37t,66xyn1y37t@mailinator.com,1dd684e3-82ee-4e68-9d25-00401bc62e7a,Jane,B,Doe,Ms.,PhD,"Ms. Jane B Doe, PhD",Janie,Engineer,en,US,America/New_York,ext-789,employee,True,555-111-2222,555-333-4444,123 Main St,US,New York,NY,10001,2Federate!
47amxuswfi,47amxuswfi@mailinator.com,1dd684e3-82ee-4e68-9d25-00401bc62e7a,Jane,B,Doe,Ms.,PhD,"Ms. Jane B Doe, PhD",Janie,Engineer,en,US,America/New_York,ext-789,employee,True,555-111-2222,555-333-4444,123 Main St,US,New York,NY,10001,2Federate!
92favqrtqs,92favqrtqs@mailinator.com,1dd684e3-82ee-4e68-9d25-00401bc62e7a,Jane,B,Doe,Ms.,PhD,"Ms. Jane B Doe, PhD",Janie,Engineer,en,US,America/New_York,ext-789,employee,True,555-111-2222,555-333-4444,123 Main St,US,New York,NY,10001,2Federate!
06upzutk3d,06upzutk3d@mailinator.com,1dd684e3-82ee-4e68-9d25-00401bc62e7a,Jane,B,Doe,Ms.,PhD,"Ms. Jane B Doe, PhD",Janie,Engineer,en,US,America/New_York,ext-789,employee,True,555-111-2222,555-333-4444,123 Main St,US,New York,NY,10001,2Federate!
65kvse3imj,65kvse3imj@mailinator.com,1dd684e3-82ee-4e68-9d25-00401bc62e7a,Jane,B,Doe,Ms.,PhD,"Ms. Jane B Doe, PhD",Janie,Engineer,en,US,America/New_York,ext-789,employee,True,555-111-2222,555-333-4444,123 Main St,US,New York,NY,10001,2Federate!
48hnvjxmov,48hnvjxmov@mailinator.com,1dd684e3-82ee-4e68-9d25-00401bc62e7a,Jane,B,Doe,Ms.,PhD,"Ms. Jane B Doe, PhD",Janie,Engineer,en,US,America/New_York,ext-789,employee,True,555-111-2222,555-333-4444,123 Main St,US,New York,NY,10001,2Federate!
48chzwxwfs,48chzwxwfs@mailinator.com,1dd684e3-82ee-4e68-9d25-00401bc62e7a,Jane,B,Doe,Ms.,PhD,"Ms. Jane B Doe, PhD",Janie,Engineer,en,US,America/New_York,ext-789,employee,True,555-111-2222,555-333-4444,123 Main St,US,New York,NY,10001,2Federate!
58nr8r1aea,58nr8r1aea@mailinator.com,1dd684e3-82ee-4e68-9d25-00401bc62e7a,Jane,B,Doe,Ms.,PhD,"Ms. Jane B Doe, PhD",Janie,Engineer,en,US,America/New_York,ext-789,employee,True,555-111-2222,555-333-4444,123 Main St,US,New York,NY,10001,2Federate!
28wba758kc,28wba758kc@mailinator.com,1dd684e3-82ee-4e68-9d25-00401bc62e7a,Jane,B,Doe,Ms.,PhD,"Ms. Jane B Doe, PhD",Janie,Engineer,en,US,America/New_York,ext-789,employee,True,555-111-2222,555-333-4444,123 Main St,US,New York,NY,10001,2Federate!
48mn5vquso,48mn5vquso@mailinator.com,1dd684e3-82ee-4e68-9d25-00401bc62e7a,Jane,B,Doe,Ms.,PhD,"Ms. Jane B Doe, PhD",Janie,Engineer,en,US,America/New_York,ext-789,employee,True,555-111-2222,555-333-4444,123 Main St,US,New York,NY,10001,2Federate!
97npv28a4o,97npv28a4o@mailinator.com,1dd684e3-82ee-4e68-9d25-00401bc62e7a,Jane,B,Doe,Ms.,PhD,"Ms. Jane B Doe, PhD",Janie,Engineer,en,US,America/New_York,ext-789,employee,True,555-111-2222,555-333-4444,123 Main St,US,New York,NY,10001,2Federate!
83iy23xs8d,83iy23xs8d@mailinator.com,1dd684e3-82ee-4e68-9d25-00401bc62e7a,Jane,B,Doe,Ms.,PhD,"Ms. Jane B Doe, PhD",Janie,Engineer,en,US,America/New_York,ext-789,employee,True,555-111-2222,555-333-4444,123 Main St,US,New York,NY,10001,2Federate!
33dajra9mr,33dajra9mr@mailinator.com,1dd684e3-82ee-4e68-9d25-00401bc62e7a,Jane,B,Doe,Ms.,PhD,"Ms. Jane B Doe, PhD",Janie,Engineer,en,US,America/New_York,ext-789,employee,True,555-111-2222,555-333-4444,123 Main St,US,New York,NY,10001,2Federate!
59iln0ksxj,59iln0ksxj@mailinator.com,1dd684e3-82ee-4e68-9d25-00401bc62e7a,Jane,B,Doe,Ms.,PhD,"Ms. Jane B Doe, PhD",Janie,Engineer,en,US,America/New_York,ext-789,employee,True,555-111-2222,555-333-4444,123 Main St,US,New York,NY,10001,2Federate!
22pzacjug0,22pzacjug0@mailinator.com,1dd684e3-82ee-4e68-9d25-00401bc62e7a,Jane,B,Doe,Ms.,PhD,"Ms. Jane B Doe, PhD",Janie,Engineer,en,US,America/New_York,ext-789,employee,True,555-111-2222,555-333-4444,123 Main St,US,New York,NY,10001,2Federate!
21ej1edvyn,21ej1edvyn@mailinator.com,1dd684e3-82ee-4e68-9d25-00401bc62e7a,Jane,B,Doe,Ms.,PhD,"Ms. Jane B Doe, PhD",Janie,Engineer,en,US,America/New_York,ext-789,employee,True,555-111-2222,555-333-4444,123 Main St,US,New York,NY,10001,2Federate!
71xe12bdb7,71xe12bdb7@mailinator.com,1dd684e3-82ee-4e68-9d25-00401bc62e7a,Jane,B,Doe,Ms.,PhD,"Ms. Jane B Doe, PhD",Janie,Engineer,en,US,America/New_York,ext-789,employee,True,555-111-2222,555-333-4444,123 Main St,US,New York,NY,10001,2Federate!
22phm3rjq3,22phm3rjq3@mailinator.com,1dd684e3-82ee-4e68-9d25-00401bc62e7a,Jane,B,Doe,Ms.,PhD,"Ms. Jane B Doe, PhD",Janie,Engineer,en,US,America/New_York,ext-789,employee,True,555-111-2222,555-333-4444,123 Main St,US,New York,NY,10001,2Federate!
87hg5ney61,87hg5ney61@mailinator.com,1dd684e3-82ee-4e68-9d25-00401bc62e7a,Jane,B,Doe,Ms.,PhD,"Ms. Jane B Doe, PhD",Janie,Engineer,en,US,America/New_York,ext-789,employee,True,555-111-2222,555-333-4444,123 Main St,US,New York,NY,10001,2Federate!
64mlglkgk2,64mlglkgk2@mailinator.com,1dd684e3-82ee-4e68-9d25-00401bc62e7a,Jane,B,Doe,Ms.,PhD,"Ms. Jane B Doe, PhD",Janie,Engineer,en,US,America/New_York,ext-789,employee,True,555-111-2222,555-333-4444,123 Main St,US,New York,NY,10001,2Federate!
68ywkgt9qa,68ywkgt9qa@mailinator.com,1dd684e3-82ee-4e68-9d25-00401bc62e7a,Jane,B,Doe,Ms.,PhD,"Ms. Jane B Doe, PhD",Janie,Engineer,en,US,America/New_York,ext-789,employee,True,555-111-2222,555-333-4444,123 Main St,US,New York,NY,10001,2Federate!
46zlr1kguu,46zlr1kguu@mailinator.com,1dd684e3-82ee-4e68-9d25-00401bc62e7a,Jane,B,Doe,Ms.,PhD,"Ms. Jane B Doe, PhD",Janie,Engineer,en,US,America/New_York,ext-789,employee,True,555-111-2222,555-333-4444,123 Main St,US,New York,NY,10001,2Federate!
61rg2clivh,61rg2clivh@mailinator.com,1dd684e3-82ee-4e68-9d25-00401bc62e7a,Jane,B,Doe,Ms.,PhD,"Ms. Jane B Doe, PhD",Janie,Engineer,en,US,America/New_York,ext-789,employee,True,555-111-2222,555-333-4444,123 Main St,US,New York,NY,10001,2Federate!
31sbg7mdwm,31sbg7mdwm@mailinator.com,1dd684e3-82ee-4e68-9d25-00401bc62e7a,Jane,B,Doe,Ms.,PhD,"Ms. Jane B Doe, PhD",Janie,Engineer,en,US,America/New_York,ext-789,employee,True,555-111-2222,555-333-4444,123 Main St,US,New York,NY,10001,2Federate!
75mtzxr00h,75mtzxr00h@mailinator.com,1dd684e3-82ee-4e68-9d25-00401bc62e7a,Jane,B,Doe,Ms.,PhD,"Ms. Jane B Doe, PhD",Janie,Engineer,en,US,America/New_York,ext-789,employee,True,555-111-2222,555-333-4444,123 Main St,US,New York,NY,10001,2Federate!
62qklrvuip,62qklrvuip@mailinator.com,1dd684e3-82ee-4e68-9d25-00401bc62e7a,Jane,B,Doe,Ms.,PhD,"Ms. Jane B Doe, PhD",Janie,Engineer,en,US,America/New_York,ext-789,employee,True,555-111-2222,555-333-4444,123 Main St,US,New York,NY,10001,2Federate!
88qe0il59e,88qe0il59e@mailinator.com,1dd684e3-82ee-4e68-9d25-00401bc62e7a,Jane,B,Doe,Ms.,PhD,"Ms. Jane B Doe, PhD",Janie,Engineer,en,US,America/New_York,ext-789,employee,True,555-111-2222,555-333-4444,123 Main St,US,New York,NY,10001,2Federate!
49jnougbv5,49jnougbv5@mailinator.com,1dd684e3-82ee-4e68-9d25-00401bc62e7a,Jane,B,Doe,Ms.,PhD,"Ms. Jane B Doe, PhD",Janie,Engineer,en,US,America/New_York,ext-789,employee,True,555-111-2222,555-333-4444,123 Main St,US,New York,NY,10001,2Federate!
36zydzy856,36zydzy856@mailinator.com,1dd684e3-82ee-4e68-9d25-00401bc62e7a,Jane,B,Doe,Ms.,PhD,"Ms. Jane B Doe, PhD",Janie,Engineer,en,US,America/New_York,ext-789,employee,True,555-111-2222,555-333-4444,123 Main St,US,New York,NY,10001,2Federate!
65oqdqvpdt,65oqdqvpdt@mailinator.com,1dd684e3-82ee-4e68-9d25-00401bc62e7a,Jane,B,Doe,Ms.,PhD,"Ms. Jane B Doe, PhD",Janie,Engineer,en,US,America/New_York,ext-789,employee,True,555-111-2222,555-333-4444,123 Main St,US,New York,NY,10001,2Federate!
90fwwqbca4,90fwwqbca4@mailinator.com,1dd684e3-82ee-4e68-9d25-00401bc62e7a,Jane,B,Doe,Ms.,PhD,"Ms. Jane B Doe, PhD",Janie,Engineer,en,US,America/New_York,ext-789,employee,True,555-111-2222,555-333-4444,123 Main St,US,New York,NY,10001,2Federate!
00tyw30fdm,00tyw30fdm@mailinator.com,1dd684e3-82ee-4e68-9d25-00401bc62e7a,Jane,B,Doe,Ms.,PhD,"Ms. Jane B Doe, PhD",Janie,Engineer,en,US,America/New_York,ext-789,employee,True,555-111-2222,555-333-4444,123 Main St,US,New York,NY,10001,2Federate!
11hfbndhgt,11hfbndhgt@mailinator.com,1dd684e3-82ee-4e68-9d25-00401bc62e7a,Jane,B,Doe,Ms.,PhD,"Ms. Jane B Doe, PhD",Janie,Engineer,en,US,America/New_York,ext-789,employee,True,555-111-2222,555-333-4444,123 Main St,US,New York,NY,10001,2Federate!
26koq8xih5,26koq8xih5@mailinator.com,1dd684e3-82ee-4e68-9d25-00401bc62e7a,Jane,B,Doe,Ms.,PhD,"Ms. Jane B Doe, PhD",Janie,Engineer,en,US,America/New_York,ext-789,employee,True,555-111-2222,555-333-4444,123 Main St,US,New York,NY,10001,2Federate!
40yx3wrj8f,40yx3wrj8f@mailinator.com,1dd684e3-82ee-4e68-9d25-00401bc62e7a,Jane,B,Doe,Ms.,PhD,"Ms. Jane B Doe, PhD",Janie,Engineer,en,US,America/New_York,ext-789,employee,True,555-111-2222,555-333-4444,123 Main St,US,New York,NY,10001,2Federate!
94qld58gyu,94qld58gyu@mailinator.com,1dd684e3-82ee-4e68-9d25-00401bc62e7a,Jane,B,Doe,Ms.,PhD,"Ms. Jane B Doe, PhD",Janie,Engineer,en,US,America/New_York,ext-789,employee,True,555-111-2222,555-333-4444,123 Main St,US,New York,NY,10001,2Federate!
71ak7qqgr8,71ak7qqgr8@mailinator.com,1dd684e3-82ee-4e68-9d25-00401bc62e7a,Jane,B,Doe,Ms.,PhD,"Ms. Jane B Doe, PhD",Janie,Engineer,en,US,America/New_York,ext-789,employee,True,555-111-2222,555-333-4444,123 Main St,US,New York,NY,10001,2Federate!
71ac2xtjel,71ac2xtjel@mailinator.com,1dd684e3-82ee-4e68-9d25-00401bc62e7a,Jane,B,Doe,Ms.,PhD,"Ms. Jane B Doe, PhD",Janie,Engineer,en,US,America/New_York,ext-789,employee,True,555-111-2222,555-333-4444,123 Main St,US,New York,NY,10001,2Federate!
05cnq0agmi,05cnq0agmi@mailinator.com,1dd684e3-82ee-4e68-9d25-00401bc62e7a,Jane,B,Doe,Ms.,PhD,"Ms. Jane B Doe, PhD",Janie,Engineer,en,US,America/New_York,ext-789,employee,True,555-111-2222,555-333-4444,123 Main St,US,New York,NY,10001,2Federate!
16tgya5g52,16tgya5g52@mailinator.com,1dd684e3-82ee-4e68-9d25-00401bc62e7a,Jane,B,Doe,Ms.,PhD,"Ms. Jane B Doe, PhD",Janie,Engineer,en,US,America/New_York,ext-789,employee,True,555-111-2222,555-333-4444,123 Main St,US,New York,NY,10001,2Federate!
71vv0899zz,71vv0899zz@mailinator.com,1dd684e3-82ee-4e68-9d25-00401bc62e7a,Jane,B,Doe,Ms.,PhD,"Ms. Jane B Doe, PhD",Janie,Engineer,en,US,America/New_York,ext-789,employee,True,555-111-2222,555-333-4444,123 Main St,US,New York,NY,10001,2Federate!
47gusxpxtc,47gusxpxtc@mailinator.com,1dd684e3-82ee-4e68-9d25-00401bc62e7a,Jane,B,Doe,Ms.,PhD,"Ms. Jane B Doe, PhD",Janie,Engineer,en,US,America/New_York,ext-789,employee,True,555-111-2222,555-333-4444,123 Main St,US,New York,NY,10001,2Federate!
55xtotkpx7,55xtotkpx7@mailinator.com,1dd684e3-82ee-4e68-9d25-00401bc62e7a,Jane,B,Doe,Ms.,PhD,"Ms. Jane B Doe, PhD",Janie,Engineer,en,US,America/New_York,ext-789,employee,True,555-111-2222,555-333-4444,123 Main St,US,New York,NY,10001,2Federate!
15ifatw4fb,15ifatw4fb@mailinator.com,1dd684e3-82ee-4e68-9d25-00401bc62e7a,Jane,B,Doe,Ms.,PhD,"Ms. Jane B Doe, PhD",Janie,Engineer,en,US,America/New_York,ext-789,employee,True,555-111-2222,555-333-4444,123 Main St,US,New York,NY,10001,2Federate!
68kouf6cyd,68kouf6cyd@mailinator.com,1dd684e3-82ee-4e68-9d25-00401bc62e7a,Jane,B,Doe,Ms.,PhD,"Ms. Jane B Doe, PhD",Janie,Engineer,en,US,America/New_York,ext-789,employee,True,555-111-2222,555-333-4444,123 Main St,US,New York,NY,10001,2Federate!
47se95ggmo,47se95ggmo@mailinator.com,1dd684e3-82ee-4e68-9d25-00401bc62e7a,Jane,B,Doe,Ms.,PhD,"Ms. Jane B Doe, PhD",Janie,Engineer,en,US,America/New_York,ext-789,employee,True,555-111-2222,555-333-4444,123 Main St,US,New York,NY,10001,2Federate!
37vuvfkuue,37vuvfkuue@mailinator.com,1dd684e3-82ee-4e68-9d25-00401bc62e7a,Jane,B,Doe,Ms.,PhD,"Ms. Jane B Doe, PhD",Janie,Engineer,en,US,America/New_York,ext-789,employee,True,555-111-2222,555-333-4444,123 Main St,US,New York,NY,10001,2Federate!
41fbzz6zz1,41fbzz6zz1@mailinator.com,1dd684e3-82ee-4e68-9d25-00401bc62e7a,Jane,B,Doe,Ms.,PhD,"Ms. Jane B Doe, PhD",Janie,Engineer,en,US,America/New_York,ext-789,employee,True,555-111-2222,555-333-4444,123 Main St,US,New York,NY,10001,2Federate!
73ax2nfiob,73ax2nfiob@mailinator.com,1dd684e3-82ee-4e68-9d25-00401bc62e7a,Jane,B,Doe,Ms.,PhD,"Ms. Jane B Doe, PhD",Janie,Engineer,en,US,America/New_York,ext-789,employee,True,555-111-2222,555-333-4444,123 Main St,US,New York,NY,10001,2Federate!
94pu1tcg5v,94pu1tcg5v@mailinator.com,1dd684e3-82ee-4e68-9d25-00401bc62e7a,Jane,B,Doe,Ms.,PhD,"Ms. Jane B Doe, PhD",Janie,Engineer,en,US,America/New_York,ext-789,employee,True,555-111-2222,555-333-4444,123 Main St,US,New York,NY,10001,2Federate!
51ad6l55co,51ad6l55co@mailinator.com,1dd684e3-82ee-4e68-9d25-00401bc62e7a,Jane,B,Doe,Ms.,PhD,"Ms. Jane B Doe, PhD",Janie,Engineer,en,US,America/New_York,ext-789,employee,True,555-111-2222,555-333-4444,123 Main St,US,New York,NY,10001,2Federate!
11fhjrc3gk,11fhjrc3gk@mailinator.com,1dd684e3-82ee-4e68-9d25-00401bc62e7a,Jane,B,Doe,Ms.,PhD,"Ms. Jane B Doe, PhD",Janie,Engineer,en,US,America/New_York,ext-789,employee,True,555-111-2222,555-333-4444,123 Main St,US,New York,NY,10001,2Federate!
33vo9vhvzu,33vo9vhvzu@mailinator.com,1dd684e3-82ee-4e68-9d25-00401bc62e7a,Jane,B,Doe,Ms.,PhD,"Ms. Jane B Doe, PhD",Janie,Engineer,en,US,America/New_York,ext-789,employee,True,555-111-2222,555-333-4444,123 Main St,US,New York,NY,10001,2Federate!
23jme4htfw,23jme4htfw@mailinator.com,1dd684e3-82ee-4e68-9d25-00401bc62e7a,Jane,B,Doe,Ms.,PhD,"Ms. Jane B Doe, PhD",Janie,Engineer,en,US,America/New_York,ext-789,employee,True,555-111-2222,555-333-4444,123 Main St,US,New York,NY,10001,2Federate!
34utawikrh,34utawikrh@mailinator.com,1dd684e3-82ee-4e68-9d25-00401bc62e7a,Jane,B,Doe,Ms.,PhD,"Ms. Jane B Doe, PhD",Janie,Engineer,en,US,America/New_York,ext-789,employee,True,555-111-2222,555-333-4444,123 Main St,US,New York,NY,10001,2Federate!
97zp1djn4j,97zp1djn4j@mailinator.com,1dd684e3-82ee-4e68-9d25-00401bc62e7a,Jane,B,Doe,Ms.,PhD,"Ms. Jane B Doe, PhD",Janie,Engineer,en,US,America/New_York,ext-789,employee,True,555-111-2222,555-333-4444,123 Main St,US,New York,NY,10001,2Federate!
47pgr86yle,47pgr86yle@mailinator.com,1dd684e3-82ee-4e68-9d25-00401bc62e7a,Jane,B,Doe,Ms.,PhD,"Ms. Jane B Doe, PhD",Janie,Engineer,en,US,America/New_York,ext-789,employee,True,555-111-2222,555-333-4444,123 Main St,US,New York,NY,10001,2Federate!
14dekb9d9c,14dekb9d9c@mailinator.com,1dd684e3-82ee-4e68-9d25-00401bc62e7a,Jane,B,Doe,Ms.,PhD,"Ms. Jane B Doe, PhD",Janie,Engineer,en,US,America/New_York,ext-789,employee,True,555-111-2222,555-333-4444,123 Main St,US,New York,NY,10001,2Federate!
56sowlh12d,56sowlh12d@mailinator.com,1dd684e3-82ee-4e68-9d25-00401bc62e7a,Jane,B,Doe,Ms.,PhD,"Ms. Jane B Doe, PhD",Janie,Engineer,en,US,America/New_York,ext-789,employee,True,555-111-2222,555-333-4444,123 Main St,US,New York,NY,10001,2Federate!
28hp158j72,28hp158j72@mailinator.com,1dd684e3-82ee-4e68-9d25-00401bc62e7a,Jane,B,Doe,Ms.,PhD,"Ms. Jane B Doe, PhD",Janie,Engineer,en,US,America/New_York,ext-789,employee,True,555-111-2222,555-333-4444,123 Main St,US,New York,NY,10001,2Federate!
04qrij5ewn,04qrij5ewn@mailinator.com,1dd684e3-82ee-4e68-9d25-00401bc62e7a,Jane,B,Doe,Ms.,PhD,"Ms. Jane B Doe, PhD",Janie,Engineer,en,US,America/New_York,ext-789,employee,True,555-111-2222,555-333-4444,123 Main St,US,New York,NY,10001,2Federate!
12rz9h4sc8,12rz9h4sc8@mailinator.com,1dd684e3-82ee-4e68-9d25-00401bc62e7a,Jane,B,Doe,Ms.,PhD,"Ms. Jane B Doe, PhD",Janie,Engineer,en,US,America/New_York,ext-789,employee,True,555-111-2222,555-333-4444,123 Main St,US,New York,NY,10001,2Federate!
38mqqxlyo6,38mqqxlyo6@mailinator.com,1dd684e3-82ee-4e68-9d25-00401bc62e7a,Jane,B,Doe,Ms.,PhD,"Ms. Jane B Doe, PhD",Janie,Engineer,en,US,America/New_York,ext-789,employee,True,555-111-2222,555-333-4444,123 Main St,US,New York,NY,10001,2Federate!
61fqpntch7,61fqpntch7@mailinator.com,1dd684e3-82ee-4e68-9d25-00401bc62e7a,Jane,B,Doe,Ms.,PhD,"Ms. Jane B Doe, PhD",Janie,Engineer,en,US,America/New_York,ext-789,employee,True,555-111-2222,555-333-4444,123 Main St,US,New York,NY,10001,2Federate!
31gszz5p26,31gszz5p26@mailinator.com,1dd684e3-82ee-4e68-9d25-00401bc62e7a,Jane,B,Doe,Ms.,PhD,"Ms. Jane B Doe, PhD",Janie,Engineer,en,US,America/New_York,ext-789,employee,True,555-111-2222,555-333-4444,123 Main St,US,New York,NY,10001,2Federate!
75fdlvl4jh,75fdlvl4jh@mailinator.com,1dd684e3-82ee-4e68-9d25-00401bc62e7a,Jane,B,Doe,Ms.,PhD,"Ms. Jane B Doe, PhD",Janie,Engineer,en,US,America/New_York,ext-789,employee,True,555-111-2222,555-333-4444,123 Main St,US,New York,NY,10001,2Federate!
46pg31tbo8,46pg31tbo8@mailinator.com,1dd684e3-82ee-4e68-9d25-00401bc62e7a,Jane,B,Doe,Ms.,PhD,"Ms. Jane B Doe, PhD",Janie,Engineer,en,US,America/New_York,ext-789,employee,True,555-111-2222,555-333-4444,123 Main St,US,New York,NY,10001,2Federate!
03irkh6wb9,03irkh6wb9@mailinator.com,1dd684e3-82ee-4e68-9d25-00401bc62e7a,Jane,B,Doe,Ms.,PhD,"Ms. Jane B Doe, PhD",Janie,Engineer,en,US,America/New_York,ext-789,employee,True,555-111-2222,555-333-4444,123 Main St,US,New York,NY,10001,2Federate!
20afzzucuu,20afzzucuu@mailinator.com,1dd684e3-82ee-4e68-9d25-00401bc62e7a,Jane,B,Doe,Ms.,PhD,"Ms. Jane B Doe, PhD",Janie,Engineer,en,US,America/New_York,ext-789,employee,True,555-111-2222,555-333-4444,123 Main St,US,New York,NY,10001,2Federate!
28rv760gck,28rv760gck@mailinator.com,1dd684e3-82ee-4e68-9d25-00401bc62e7a,Jane,B,Doe,Ms.,PhD,"Ms. Jane B Doe, PhD",Janie,Engineer,en,US,America/New_York,ext-789,employee,True,555-111-2222,555-333-4444,123 Main St,US,New York,NY,10001,2Federate!
99wa4opp7m,99wa4opp7m@mailinator.com,1dd684e3-82ee-4e68-9d25-00401bc62e7a,Jane,B,Doe,Ms.,PhD,"Ms. Jane B Doe, PhD",Janie,Engineer,en,US,America/New_York,ext-789,employee,True,555-111-2222,555-333-4444,123 Main St,US,New York,NY,10001,2Federate!
78feecyofj,78feecyofj@mailinator.com,1dd684e3-82ee-4e68-9d25-00401bc62e7a,Jane,B,Doe,Ms.,PhD,"Ms. Jane B Doe, PhD",Janie,Engineer,en,US,America/New_York,ext-789,employee,True,555-111-2222,555-333-4444,123 Main St,US,New York,NY,10001,2Federate!
46aea6okue,46aea6okue@mailinator.com,1dd684e3-82ee-4e68-9d25-00401bc62e7a,Jane,B,Doe,Ms.,PhD,"Ms. Jane B Doe, PhD",Janie,Engineer,en,US,America/New_York,ext-789,employee,True,555-111-2222,555-333-4444,123 Main St,US,New York,NY,10001,2Federate!
78nwvzspcz,78nwvzspcz@mailinator.com,1dd684e3-82ee-4e68-9d25-00401bc62e7a,Jane,B,Doe,Ms.,PhD,"Ms. Jane B Doe, PhD",Janie,Engineer,en,US,America/New_York,ext-789,employee,True,555-111-2222,555-333-4444,123 Main St,US,New York,NY,10001,2Federate!
79vxntvrjl,79vxntvrjl@mailinator.com,1dd684e3-82ee-4e68-9d25-00401bc62e7a,Jane,B,Doe,Ms.,PhD,"Ms. Jane B Doe, PhD",Janie,Engineer,en,US,America/New_York,ext-789,employee,True,555-111-2222,555-333-4444,123 Main St,US,New York,NY,10001,2Federate!
49fgua4z7s,49fgua4z7s@mailinator.com,1dd684e3-82ee-4e68-9d25-00401bc62e7a,Jane,B,Doe,Ms.,PhD,"Ms. Jane B Doe, PhD",Janie,Engineer,en,US,America/New_York,ext-789,employee,True,555-111-2222,555-333-4444,123 Main St,US,New York,NY,10001,2Federate!
38esm14t2s,38esm14t2s@mailinator.com,1dd684e3-82ee-4e68-9d25-00401bc62e7a,Jane,B,Doe,Ms.,PhD,"Ms. Jane B Doe, PhD",Janie,Engineer,en,US,America/New_York,ext-789,employee,True,555-111-2222,555-333-4444,123 Main St,US,New York,NY,10001,2Federate!
91ty1od7ul,91ty1od7ul@mailinator.com,1dd684e3-82ee-4e68-9d25-00401bc62e7a,Jane,B,Doe,Ms.,PhD,"Ms. Jane B Doe, PhD",Janie,Engineer,en,US,America/New_York,ext-789,employee,True,555-111-2222,555-333-4444,123 Main St,US,New York,NY,10001,2Federate!
26eu0bp8he,26eu0bp8he@mailinator.com,1dd684e3-82ee-4e68-9d25-00401bc62e7a,Jane,B,Doe,Ms.,PhD,"Ms. Jane B Doe, PhD",Janie,Engineer,en,US,America/New_York,ext-789,employee,True,555-111-2222,555-333-4444,123 Main St,US,New York,NY,10001,2Federate!
70ckbnbfqq,70ckbnbfqq@mailinator.com,1dd684e3-82ee-4e68-9d25-00401bc62e7a,Jane,B,Doe,Ms.,PhD,"Ms. Jane B Doe, PhD",Janie,Engineer,en,US,America/New_York,ext-789,employee,True,555-111-2222,555-333-4444,123 Main St,US,New York,NY,10001,2Federate!
91rf2q5oko,91rf2q5oko@mailinator.com,1dd684e3-82ee-4e68-9d25-00401bc62e7a,Jane,B,Doe,Ms.,PhD,"Ms. Jane B Doe, PhD",Janie,Engineer,en,US,America/New_York,ext-789,employee,True,555-111-2222,555-333-4444,123 Main St,US,New York,NY,10001,2Federate!
04oyxczjxj,04oyxczjxj@mailinator.com,1dd684e3-82ee-4e68-9d25-00401bc62e7a,Jane,B,Doe,Ms.,PhD,"Ms. Jane B Doe, PhD",Janie,Engineer,en,US,America/New_York,ext-789,employee,True,555-111-2222,555-333-4444,123 Main St,US,New York,NY,10001,2Federate!
57xpr0ifyt,57xpr0ifyt@mailinator.com,1dd684e3-82ee-4e68-9d25-00401bc62e7a,Jane,B,Doe,Ms.,PhD,"Ms. Jane B Doe, PhD",Janie,Engineer,en,US,America/New_York,ext-789,employee,True,555-111-2222,555-333-4444,123 Main St,US,New York,NY,10001,2Federate!
31vvkrgnwz,31vvkrgnwz@mailinator.com,1dd684e3-82ee-4e68-9d25-00401bc62e7a,Jane,B,Doe,Ms.,PhD,"Ms. Jane B Doe, PhD",Janie,Engineer,en,US,America/New_York,ext-789,employee,True,555-111-2222,555-333-4444,123 Main St,US,New York,NY,10001,2Federate!
38efq7wlsz,38efq7wlsz@mailinator.com,1dd684e3-82ee-4e68-9d25-00401bc62e7a,Jane,B,Doe,Ms.,PhD,"Ms. Jane B Doe, PhD",Janie,Engineer,en,US,America/New_York,ext-789,employee,True,555-111-2222,555-333-4444,123 Main St,US,New York,NY,10001,2Federate!
80vrl9klg1,80vrl9klg1@mailinator.com,1dd684e3-82ee-4e68-9d25-00401bc62e7a,Jane,B,Doe,Ms.,PhD,"Ms. Jane B Doe, PhD",Janie,Engineer,en,US,America/New_York,ext-789,employee,True,555-111-2222,555-333-4444,123 Main St,US,New York,NY,10001,2Federate!
63hoeamsdb,63hoeamsdb@mailinator.com,1dd684e3-82ee-4e68-9d25-00401bc62e7a,Jane,B,Doe,Ms.,PhD,"Ms. Jane B Doe, PhD",Janie,Engineer,en,US,America/New_York,ext-789,employee,True,555-111-2222,555-333-4444,123 Main St,US,New York,NY,10001,2Federate!
67vap3ilxt,67vap3ilxt@mailinator.com,1dd684e3-82ee-4e68-9d25-00401bc62e7a,Jane,B,Doe,Ms.,PhD,"Ms. Jane B Doe, PhD",Janie,Engineer,en,US,America/New_York,ext-789,employee,True,555-111-2222,555-333-4444,123 Main St,US,New York,NY,10001,2Federate!
86mn9pc0fl,86mn9pc0fl@mailinator.com,1dd684e3-82ee-4e68-9d25-00401bc62e7a,Jane,B,Doe,Ms.,PhD,"Ms. Jane B Doe, PhD",Janie,Engineer,en,US,America/New_York,ext-789,employee,True,555-111-2222,555-333-4444,123 Main St,US,New York,NY,10001,2Federate!
62lwrq1z7q,62lwrq1z7q@mailinator.com,1dd684e3-82ee-4e68-9d25-00401bc62e7a,Jane,B,Doe,Ms.,PhD,"Ms. Jane B Doe, PhD",Janie,Engineer,en,US,America/New_York,ext-789,employee,True,555-111-2222,555-333-4444,123 Main St,US,New York,NY,10001,2Federate!
08hgw4y6n2,08hgw4y6n2@mailinator.com,1dd684e3-82ee-4e68-9d25-00401bc62e7a,Jane,B,Doe,Ms.,PhD,"Ms. Jane B Doe, PhD",Janie,Engineer,en,US,America/New_York,ext-789,employee,True,555-111-2222,555-333-4444,123 Main St,US,New York,NY,10001,2Federate!
60du30p0rx,60du30p0rx@mailinator.com,1dd684e3-82ee-4e68-9d25-00401bc62e7a,Jane,B,Doe,Ms.,PhD,"Ms. Jane B Doe, PhD",Janie,Engineer,en,US,America/New_York,ext-789,employee,True,555-111-2222,555-333-4444,123 Main St,US,New York,NY,10001,2Federate!
56qhuzn6du,56qhuzn6du@mailinator.com,1dd684e3-82ee-4e68-9d25-00401bc62e7a,Jane,B,Doe,Ms.,PhD,"Ms. Jane B Doe, PhD",Janie,Engineer,en,US,America/New_York,ext-789,employee,True,555-111-2222,555-333-4444,123 Main St,US,New York,NY,10001,2Federate!
54xy9iw0vb,54xy9iw0vb@mailinator.com,1dd684e3-82ee-4e68-9d25-00401bc62e7a,Jane,B,Doe,Ms.,PhD,"Ms. Jane B Doe, PhD",Janie,Engineer,en,US,America/New_York,ext-789,employee,True,555-111-2222,555-333-4444,123 Main St,US,New York,NY,10001,2Federate!
04ihrw451n,04ihrw451n@mailinator.com,1dd684e3-82ee-4e68-9d25-00401bc62e7a,Jane,B,Doe,Ms.,PhD,"Ms. Jane B Doe, PhD",Janie,Engineer,en,US,America/New_York,ext-789,employee,True,555-111-2222,555-333-4444,123 Main St,US,New York,NY,10001,2Federate!
22pci4rkz0,22pci4rkz0@mailinator.com,1dd684e3-82ee-4e68-9d25-00401bc62e7a,Jane,B,Doe,Ms.,PhD,"Ms. Jane B Doe, PhD",Janie,Engineer,en,US,America/New_York,ext-789,employee,True,555-111-2222,555-333-4444,123 Main St,US,New York,NY,10001,2Federate!
26toxyyjdl,26toxyyjdl@mailinator.com,1dd684e3-82ee-4e68-9d25-00401bc62e7a,Jane,B,Doe,Ms.,PhD,"Ms. Jane B Doe, PhD",Janie,Engineer,en,US,America/New_York,ext-789,employee,True,555-111-2222,555-333-4444,123 Main St,US,New York,NY,10001,2Federate!
53ze4kfk2s,53ze4kfk2s@mailinator.com,1dd684e3-82ee-4e68-9d25-00401bc62e7a,Jane,B,Doe,Ms.,PhD,"Ms. Jane B Doe, PhD",Janie,Engineer,en,US,America/New_York,ext-789,employee,True,555-111-2222,555-333-4444,123 Main St,US,New York,NY,10001,2Federate!
64eiov6m5d,64eiov6m5d@mailinator.com,1dd684e3-82ee-4e68-9d25-00401bc62e7a,Jane,B,Doe,Ms.,PhD,"Ms. Jane B Doe, PhD",Janie,Engineer,en,US,America/New_York,ext-789,employee,True,555-111-2222,555-333-4444,123 Main St,US,New York,NY,10001,2Federate!
74vdow8mbz,74vdow8mbz@mailinator.com,1dd684e3-82ee-4e68-9d25-00401bc62e7a,Jane,B,Doe,Ms.,PhD,"Ms. Jane B Doe, PhD",Janie,Engineer,en,US,America/New_York,ext-789,employee,True,555-111-2222,555-333-4444,123 Main St,US,New York,NY,10001,2Federate!
16umy1dx5j,16umy1dx5j@mailinator.com,1dd684e3-82ee-4e68-9d25-00401bc62e7a,Jane,B,Doe,Ms.,PhD,"Ms. Jane B Doe, PhD",Janie,Engineer,en,US,America/New_York,ext-789,employee,True,555-111-2222,555-333-4444,123 Main St,US,New York,NY,10001,2Federate!
71pua8byeq,71pua8byeq@mailinator.com,1dd684e3-82ee-4e68-9d25-00401bc62e7a,Jane,B,Doe,Ms.,PhD,"Ms. Jane B Doe, PhD",Janie,Engineer,en,US,America/New_York,ext-789,employee,True,555-111-2222,555-333-4444,123 Main St,US,New York,NY,10001,2Federate!
16zis7zfft,16zis7zfft@mailinator.com,1dd684e3-82ee-4e68-9d25-00401bc62e7a,Jane,B,Doe,Ms.,PhD,"Ms. Jane B Doe, PhD",Janie,Engineer,en,US,America/New_York,ext-789,employee,True,555-111-2222,555-333-4444,123 Main St,US,New York,NY,10001,2Federate!
15wjvx0wme,15wjvx0wme@mailinator.com,1dd684e3-82ee-4e68-9d25-00401bc62e7a,Jane,B,Doe,Ms.,PhD,"Ms. Jane B Doe, PhD",Janie,Engineer,en,US,America/New_York,ext-789,employee,True,555-111-2222,555-333-4444,123 Main St,US,New York,NY,10001,2Federate!
83cwb0hdqv,83cwb0hdqv@mailinator.com,1dd684e3-82ee-4e68-9d25-00401bc62e7a,Jane,B,Doe,Ms.,PhD,"Ms. Jane B Doe, PhD",Janie,Engineer,en,US,America/New_York,ext-789,employee,True,555-111-2222,555-333-4444,123 Main St,US,New York,NY,10001,2Federate!
00wa1x48eq,00wa1x48eq@mailinator.com,1dd684e3-82ee-4e68-9d25-00401bc62e7a,Jane,B,Doe,Ms.,PhD,"Ms. Jane B Doe, PhD",Janie,Engineer,en,US,America/New_York,ext-789,employee,True,555-111-2222,555-333-4444,123 Main St,US,New York,NY,10001,2Federate!
22bvrwwufu,22bvrwwufu@mailinator.com,1dd684e3-82ee-4e68-9d25-00401bc62e7a,Jane,B,Doe,Ms.,PhD,"Ms. Jane B Doe, PhD",Janie,Engineer,en,US,America/New_York,ext-789,employee,True,555-111-2222,555-333-4444,123 Main St,US,New York,NY,10001,2Federate!
18zdqu2cbv,18zdqu2cbv@mailinator.com,1dd684e3-82ee-4e68-9d25-00401bc62e7a,Jane,B,Doe,Ms.,PhD,"Ms. Jane B Doe, PhD",Janie,Engineer,en,US,America/New_York,ext-789,employee,True,555-111-2222,555-333-4444,123 Main St,US,New York,NY,10001,2Federate!
25kzgza4ik,25kzgza4ik@mailinator.com,1dd684e3-82ee-4e68-9d25-00401bc62e7a,Jane,B,Doe,Ms.,PhD,"Ms. Jane B Doe, PhD",Janie,Engineer,en,US,America/New_York,ext-789,employee,True,555-111-2222,555-333-4444,123 Main St,US,New York,NY,10001,2Federate!
00lr1aaqf7,00lr1aaqf7@mailinator.com,1dd684e3-82ee-4e68-9d25-00401bc62e7a,Jane,B,Doe,Ms.,PhD,"Ms. Jane B Doe, PhD",Janie,Engineer,en,US,America/New_York,ext-789,employee,True,555-111-2222,555-333-4444,123 Main St,US,New York,NY,10001,2Federate!
75nrk2auiw,75nrk2auiw@mailinator.com,1dd684e3-82ee-4e68-9d25-00401bc62e7a,Jane,B,Doe,Ms.,PhD,"Ms. Jane B Doe, PhD",Janie,Engineer,en,US,America/New_York,ext-789,employee,True,555-111-2222,555-333-4444,123 Main St,US,New York,NY,10001,2Federate!
78rvujxdh9,78rvujxdh9@mailinator.com,1dd684e3-82ee-4e68-9d25-00401bc62e7a,Jane,B,Doe,Ms.,PhD,"Ms. Jane B Doe, PhD",Janie,Engineer,en,US,America/New_York,ext-789,employee,True,555-111-2222,555-333-4444,123 Main St,US,New York,NY,10001,2Federate!
52jpbvp2fe,52jpbvp2fe@mailinator.com,1dd684e3-82ee-4e68-9d25-00401bc62e7a,Jane,B,Doe,Ms.,PhD,"Ms. Jane B Doe, PhD",Janie,Engineer,en,US,America/New_York,ext-789,employee,True,555-111-2222,555-333-4444,123 Main St,US,New York,NY,10001,2Federate!
82mgml5jfh,82mgml5jfh@mailinator.com,1dd684e3-82ee-4e68-9d25-00401bc62e7a,Jane,B,Doe,Ms.,PhD,"Ms. Jane B Doe, PhD",Janie,Engineer,en,US,America/New_York,ext-789,employee,True,555-111-2222,555-333-4444,123 Main St,US,New York,NY,10001,2Federate!
47ljydt45s,47ljydt45s@mailinator.com,1dd684e3-82ee-4e68-9d25-00401bc62e7a,Jane,B,Doe,Ms.,PhD,"Ms. Jane B Doe, PhD",Janie,Engineer,en,US,America/New_York,ext-789,employee,True,555-111-2222,555-333-4444,123 Main St,US,New York,NY,10001,2Federate!
42id1zh3rg,42id1zh3rg@mailinator.com,1dd684e3-82ee-4e68-9d25-00401bc62e7a,Jane,B,Doe,Ms.,PhD,"Ms. Jane B Doe, PhD",Janie,Engineer,en,US,America/New_York,ext-789,employee,True,555-111-2222,555-333-4444,123 Main St,US,New York,NY,10001,2Federate!
70we1gvbdj,70we1gvbdj@mailinator.com,1dd684e3-82ee-4e68-9d25-00401bc62e7a,Jane,B,Doe,Ms.,PhD,"Ms. Jane B Doe, PhD",Janie,Engineer,en,US,America/New_York,ext-789,employee,True,555-111-2222,555-333-4444,123 Main St,US,New York,NY,10001,2Federate!
99ok9wp3ee,99ok9wp3ee@mailinator.com,1dd684e3-82ee-4e68-9d25-00401bc62e7a,Jane,B,Doe,Ms.,PhD,"Ms. Jane B Doe, PhD",Janie,Engineer,en,US,America/New_York,ext-789,employee,True,555-111-2222,555-333-4444,123 Main St,US,New York,NY,10001,2Federate!
00gpphj9zd,00gpphj9zd@mailinator.com,1dd684e3-82ee-4e68-9d25-00401bc62e7a,Jane,B,Doe,Ms.,PhD,"Ms. Jane B Doe, PhD",Janie,Engineer,en,US,America/New_York,ext-789,employee,True,555-111-2222,555-333-4444,123 Main St,US,New York,NY,10001,2Federate!
11rts7fn8v,11rts7fn8v@mailinator.com,1dd684e3-82ee-4e68-9d25-00401bc62e7a,Jane,B,Doe,Ms.,PhD,"Ms. Jane B Doe, PhD",Janie,Engineer,en,US,America/New_York,ext-789,employee,True,555-111-2222,555-333-4444,123 Main St,US,New York,NY,10001,2Federate!
32dfoshcht,32dfoshcht@mailinator.com,1dd684e3-82ee-4e68-9d25-00401bc62e7a,Jane,B,Doe,Ms.,PhD,"Ms. Jane B Doe, PhD",Janie,Engineer,en,US,America/New_York,ext-789,employee,True,555-111-2222,555-333-4444,123 Main St,US,New York,NY,10001,2Federate!
55hn0elw0g,55hn0elw0g@mailinator.com,1dd684e3-82ee-4e68-9d25-00401bc62e7a,Jane,B,Doe,Ms.,PhD,"Ms. Jane B Doe, PhD",Janie,Engineer,en,US,America/New_York,ext-789,employee,True,555-111-2222,555-333-4444,123 Main St,US,New York,NY,10001,2Federate!
20dwgtiqno,20dwgtiqno@mailinator.com,1dd684e3-82ee-4e68-9d25-00401bc62e7a,Jane,B,Doe,Ms.,PhD,"Ms. Jane B Doe, PhD",Janie,Engineer,en,US,America/New_York,ext-789,employee,True,555-111-2222,555-333-4444,123 Main St,US,New York,NY,10001,2Federate!
62estq0fop,62estq0fop@mailinator.com,1dd684e3-82ee-4e68-9d25-00401bc62e7a,Jane,B,Doe,Ms.,PhD,"Ms. Jane B Doe, PhD",Janie,Engineer,en,US,America/New_York,ext-789,employee,True,555-111-2222,555-333-4444,123 Main St,US,New York,NY,10001,2Federate!
74ll02txyr,74ll02txyr@mailinator.com,1dd684e3-82ee-4e68-9d25-00401bc62e7a,Jane,B,Doe,Ms.,PhD,"Ms. Jane B Doe, PhD",Janie,Engineer,en,US,America/New_York,ext-789,employee,True,555-111-2222,555-333-4444,123 Main St,US,New York,NY,10001,2Federate!
37np4l7dro,37np4l7dro@mailinator.com,1dd684e3-82ee-4e68-9d25-00401bc62e7a,Jane,B,Doe,Ms.,PhD,"Ms. Jane B Doe, PhD",Janie,Engineer,en,US,America/New_York,ext-789,employee,True,555-111-2222,555-333-4444,123 Main St,US,New York,NY,10001,2Federate!
18xs7rmhpg,18xs7rmhpg@mailinator.com,1dd684e3-82ee-4e68-9d25-00401bc62e7a,Jane,B,Doe,Ms.,PhD,"Ms. Jane B Doe, PhD",Janie,Engineer,en,US,America/New_York,ext-789,employee,True,555-111-2222,555-333-4444,123 Main St,US,New York,NY,10001,2Federate!
52gx30q7d4,52gx30q7d4@mailinator.com,1dd684e3-82ee-4e68-9d25-00401bc62e7a,Jane,B,Doe,Ms.,PhD,"Ms. Jane B Doe, PhD",Janie,Engineer,en,US,America/New_York,ext-789,employee,True,555-111-2222,555-333-4444,123 Main St,US,New York,NY,10001,2Federate!
91plvy7ufv,91plvy7ufv@mailinator.com,1dd684e3-82ee-4e68-9d25-00401bc62e7a,Jane,B,Doe,Ms.,PhD,"Ms. Jane B Doe, PhD",Janie,Engineer,en,US,America/New_York,ext-789,employee,True,555-111-2222,555-333-4444,123 Main St,US,New York,NY,10001,2Federate!
59rc8982as,59rc8982as@mailinator.com,1dd684e3-82ee-4e68-9d25-00401bc62e7a,Jane,B,Doe,Ms.,PhD,"Ms. Jane B Doe, PhD",Janie,Engineer,en,US,America/New_York,ext-789,employee,True,555-111-2222,555-333-4444,123 Main St,US,New York,NY,10001,2Federate!
93dakiwtn9,93dakiwtn9@mailinator.com,1dd684e3-82ee-4e68-9d25-00401bc62e7a,Jane,B,Doe,Ms.,PhD,"Ms. Jane B Doe, PhD",Janie,Engineer,en,US,America/New_York,ext-789,employee,True,555-111-2222,555-333-4444,123 Main St,US,New York,NY,10001,2Federate!
05lkuacgp7,05lkuacgp7@mailinator.com,1dd684e3-82ee-4e68-9d25-00401bc62e7a,Jane,B,Doe,Ms.,PhD,"Ms. Jane B Doe, PhD",Janie,Engineer,en,US,America/New_York,ext-789,employee,True,555-111-2222,555-333-4444,123 Main St,US,New York,NY,10001,2Federate!
67ct7wefbp,67ct7wefbp@mailinator.com,1dd684e3-82ee-4e68-9d25-00401bc62e7a,Jane,B,Doe,Ms.,PhD,"Ms. Jane B Doe, PhD",Janie,Engineer,en,US,America/New_York,ext-789,employee,True,555-111-2222,555-333-4444,123 Main St,US,New York,NY,10001,2Federate!
27hyocvi55,27hyocvi55@mailinator.com,1dd684e3-82ee-4e68-9d25-00401bc62e7a,Jane,B,Doe,Ms.,PhD,"Ms. Jane B Doe, PhD",Janie,Engineer,en,US,America/New_York,ext-789,employee,True,555-111-2222,555-333-4444,123 Main St,US,New York,NY,10001,2Federate!
14jzouo18b,14jzouo18b@mailinator.com,1dd684e3-82ee-4e68-9d25-00401bc62e7a,Jane,B,Doe,Ms.,PhD,"Ms. Jane B Doe, PhD",Janie,Engineer,en,US,America/New_York,ext-789,employee,True,555-111-2222,555-333-4444,123 Main St,US,New York,NY,10001,2Federate!
68hkz2crqd,68hkz2crqd@mailinator.com,1dd684e3-82ee-4e68-9d25-00401bc62e7a,Jane,B,Doe,Ms.,PhD,"Ms. Jane B Doe, PhD",Janie,Engineer,en,US,America/New_York,ext-789,employee,True,555-111-2222,555-333-4444,123 Main St,US,New York,NY,10001,2Federate!
99at02fvq8,99at02fvq8@mailinator.com,1dd684e3-82ee-4e68-9d25-00401bc62e7a,Jane,B,Doe,Ms.,PhD,"Ms. Jane B Doe, PhD",Janie,Engineer,en,US,America/New_York,ext-789,employee,True,555-111-2222,555-333-4444,123 Main St,US,New York,NY,10001,2Federate!
26yu61ridj,26yu61ridj@mailinator.com,1dd684e3-82ee-4e68-9d25-00401bc62e7a,Jane,B,Doe,Ms.,PhD,"Ms. Jane B Doe, PhD",Janie,Engineer,en,US,America/New_York,ext-789,employee,True,555-111-2222,555-333-4444,123 Main St,US,New York,NY,10001,2Federate!
56nkwutduf,56nkwutduf@mailinator.com,1dd684e3-82ee-4e68-9d25-00401bc62e7a,Jane,B,Doe,Ms.,PhD,"Ms. Jane B Doe, PhD",Janie,Engineer,en,US,America/New_York,ext-789,employee,True,555-111-2222,555-333-4444,123 Main St,US,New York,NY,10001,2Federate!
53wstib566,53wstib566@mailinator.com,1dd684e3-82ee-4e68-9d25-00401bc62e7a,Jane,B,Doe,Ms.,PhD,"Ms. Jane B Doe, PhD",Janie,Engineer,en,US,America/New_York,ext-789,employee,True,555-111-2222,555-333-4444,123 Main St,US,New York,NY,10001,2Federate!
44nvzgwslq,44nvzgwslq@mailinator.com,1dd684e3-82ee-4e68-9d25-00401bc62e7a,Jane,B,Doe,Ms.,PhD,"Ms. Jane B Doe, PhD",Janie,Engineer,en,US,America/New_York,ext-789,employee,True,555-111-2222,555-333-4444,123 Main St,US,New York,NY,10001,2Federate!
27iur3k5wo,27iur3k5wo@mailinator.com,1dd684e3-82ee-4e68-9d25-00401bc62e7a,Jane,B,Doe,Ms.,PhD,"Ms. Jane B Doe, PhD",Janie,Engineer,en,US,America/New_York,ext-789,employee,True,555-111-2222,555-333-4444,123 Main St,US,New York,NY,10001,2Federate!
86doshr3s8,86doshr3s8@mailinator.com,1dd684e3-82ee-4e68-9d25-00401bc62e7a,Jane,B,Doe,Ms.,PhD,"Ms. Jane B Doe, PhD",Janie,Engineer,en,US,America/New_York,ext-789,employee,True,555-111-2222,555-333-4444,123 Main St,US,New York,NY,10001,2Federate!
84xdlrhav9,84xdlrhav9@mailinator.com,1dd684e3-82ee-4e68-9d25-00401bc62e7a,Jane,B,Doe,Ms.,PhD,"Ms. Jane B Doe, PhD",Janie,Engineer,en,US,America/New_York,ext-789,employee,True,555-111-2222,555-333-4444,123 Main St,US,New York,NY,10001,2Federate!
62hdfpme9l,62hdfpme9l@mailinator.com,1dd684e3-82ee-4e68-9d25-00401bc62e7a,Jane,B,Doe,Ms.,PhD,"Ms. Jane B Doe, PhD",Janie,Engineer,en,US,America/New_York,ext-789,employee,True,555-111-2222,555-333-4444,123 Main St,US,New York,NY,10001,2Federate!
86lxll8jgc,86lxll8jgc@mailinator.com,1dd684e3-82ee-4e68-9d25-00401bc62e7a,Jane,B,Doe,Ms.,PhD,"Ms. Jane B Doe, PhD",Janie,Engineer,en,US,America/New_York,ext-789,employee,True,555-111-2222,555-333-4444,123 Main St,US,New York,NY,10001,2Federate!
20arkjee9c,20arkjee9c@mailinator.com,1dd684e3-82ee-4e68-9d25-00401bc62e7a,Jane,B,Doe,Ms.,PhD,"Ms. Jane B Doe, PhD",Janie,Engineer,en,US,America/New_York,ext-789,employee,True,555-111-2222,555-333-4444,123 Main St,US,New York,NY,10001,2Federate!
68pad4v233,68pad4v233@mailinator.com,1dd684e3-82ee-4e68-9d25-00401bc62e7a,Jane,B,Doe,Ms.,PhD,"Ms. Jane B Doe, PhD",Janie,Engineer,en,US,America/New_York,ext-789,employee,True,555-111-2222,555-333-4444,123 Main St,US,New York,NY,10001,2Federate!
90oki76ook,90oki76ook@mailinator.com,1dd684e3-82ee-4e68-9d25-00401bc62e7a,Jane,B,Doe,Ms.,PhD,"Ms. Jane B Doe, PhD",Janie,Engineer,en,US,America/New_York,ext-789,employee,True,555-111-2222,555-333-4444,123 Main St,US,New York,NY,10001,2Federate!
33jz68083u,33jz68083u@mailinator.com,1dd684e3-82ee-4e68-9d25-00401bc62e7a,Jane,B,Doe,Ms.,PhD,"Ms. Jane B Doe, PhD",Janie,Engineer,en,US,America/New_York,ext-789,employee,True,555-111-2222,555-333-4444,123 Main St,US,New York,NY,10001,2Federate!
41wowxwbdy,41wowxwbdy@mailinator.com,1dd684e3-82ee-4e68-9d25-00401bc62e7a,Jane,B,Doe,Ms.,PhD,"Ms. Jane B Doe, PhD",Janie,Engineer,en,US,America/New_York,ext-789,employee,True,555-111-2222,555-333-4444,123 Main St,US,New York,NY,10001,2Federate!
79cpal0ozb,79cpal0ozb@mailinator.com,1dd684e3-82ee-4e68-9d25-00401bc62e7a,Jane,B,Doe,Ms.,PhD,"Ms. Jane B Doe, PhD",Janie,Engineer,en,US,America/New_York,ext-789,employee,True,555-111-2222,555-333-4444,123 Main St,US,New York,NY,10001,2Federate!
71jijc013i,71jijc013i@mailinator.com,1dd684e3-82ee-4e68-9d25-00401bc62e7a,Jane,B,Doe,Ms.,PhD,"Ms. Jane B Doe, PhD",Janie,Engineer,en,US,America/New_York,ext-789,employee,True,555-111-2222,555-333-4444,123 Main St,US,New York,NY,10001,2Federate!
17hoom2nsq,17hoom2nsq@mailinator.com,1dd684e3-82ee-4e68-9d25-00401bc62e7a,Jane,B,Doe,Ms.,PhD,"Ms. Jane B Doe, PhD",Janie,Engineer,en,US,America/New_York,ext-789,employee,True,555-111-2222,555-333-4444,123 Main St,US,New York,NY,10001,2Federate!
80pnoqd6k9,80pnoqd6k9@mailinator.com,1dd684e3-82ee-4e68-9d25-00401bc62e7a,Jane,B,Doe,Ms.,PhD,"Ms. Jane B Doe, PhD",Janie,Engineer,en,US,America/New_York,ext-789,employee,True,555-111-2222,555-333-4444,123 Main St,US,New York,NY,10001,2Federate!
93frq6xdfq,93frq6xdfq@mailinator.com,1dd684e3-82ee-4e68-9d25-00401bc62e7a,Jane,B,Doe,Ms.,PhD,"Ms. Jane B Doe, PhD",Janie,Engineer,en,US,America/New_York,ext-789,employee,True,555-111-2222,555-333-4444,123 Main St,US,New York,NY,10001,2Federate!
33pfcaq3y3,33pfcaq3y3@mailinator.com,1dd684e3-82ee-4e68-9d25-00401bc62e7a,Jane,B,Doe,Ms.,PhD,"Ms. Jane B Doe, PhD",Janie,Engineer,en,US,America/New_York,ext-789,employee,True,555-111-2222,555-333-4444,123 Main St,US,New York,NY,10001,2Federate!
88ma8ibn1b,88ma8ibn1b@mailinator.com,1dd684e3-82ee-4e68-9d25-00401bc62e7a,Jane,B,Doe,Ms.,PhD,"Ms. Jane B Doe, PhD",Janie,Engineer,en,US,America/New_York,ext-789,employee,True,555-111-2222,555-333-4444,123 Main St,US,New York,NY,10001,2Federate!
89tyifedn0,89tyifedn0@mailinator.com,1dd684e3-82ee-4e68-9d25-00401bc62e7a,Jane,B,Doe,Ms.,PhD,"Ms. Jane B Doe, PhD",Janie,Engineer,en,US,America/New_York,ext-789,employee,True,555-111-2222,555-333-4444,123 Main St,US,New York,NY,10001,2Federate!
25pm6v3eqi,25pm6v3eqi@mailinator.com,1dd684e3-82ee-4e68-9d25-00401bc62e7a,Jane,B,Doe,Ms.,PhD,"Ms. Jane B Doe, PhD",Janie,Engineer,en,US,America/New_York,ext-789,employee,True,555-111-2222,555-333-4444,123 Main St,US,New York,NY,10001,2Federate!
53xbrzhfek,53xbrzhfek@mailinator.com,1dd684e3-82ee-4e68-9d25-00401bc62e7a,Jane,B,Doe,Ms.,PhD,"Ms. Jane B Doe, PhD",Janie,Engineer,en,US,America/New_York,ext-789,employee,True,555-111-2222,555-333-4444,123 Main St,US,New York,NY,10001,2Federate!
95esh1lfbz,95esh1lfbz@mailinator.com,1dd684e3-82ee-4e68-9d25-00401bc62e7a,Jane,B,Doe,Ms.,PhD,"Ms. Jane B Doe, PhD",Janie,Engineer,en,US,America/New_York,ext-789,employee,True,555-111-2222,555-333-4444,123 Main St,US,New York,NY,10001,2Federate!
07zkoj2k0f,07zkoj2k0f@mailinator.com,1dd684e3-82ee-4e68-9d25-00401bc62e7a,Jane,B,Doe,Ms.,PhD,"Ms. Jane B Doe, PhD",Janie,Engineer,en,US,America/New_York,ext-789,employee,True,555-111-2222,555-333-4444,123 Main St,US,New York,NY,10001,2Federate!
04an08wne5,04an08wne5@mailinator.com,1dd684e3-82ee-4e68-9d25-00401bc62e7a,Jane,B,Doe,Ms.,PhD,"Ms. Jane B Doe, PhD",Janie,Engineer,en,US,America/New_York,ext-789,employee,True,555-111-2222,555-333-4444,123 Main St,US,New York,NY,10001,2Federate!
09pgnycw8m,09pgnycw8m@mailinator.com,1dd684e3-82ee-4e68-9d25-00401bc62e7a,Jane,B,Doe,Ms.,PhD,"Ms. Jane B Doe, PhD",Janie,Engineer,en,US,America/New_York,ext-789,employee,True,555-111-2222,555-333-4444,123 Main St,US,New York,NY,10001,2Federate!
00hr5yy6hf,00hr5yy6hf@mailinator.com,1dd684e3-82ee-4e68-9d25-00401bc62e7a,Jane,B,Doe,Ms.,PhD,"Ms. Jane B Doe, PhD",Janie,Engineer,en,US,America/New_York,ext-789,employee,True,555-111-2222,555-333-4444,123 Main St,US,New York,NY,10001,2Federate!
27xgcww2qq,27xgcww2qq@mailinator.com,1dd684e3-82ee-4e68-9d25-00401bc62e7a,Jane,B,Doe,Ms.,PhD,"Ms. Jane B Doe, PhD",Janie,Engineer,en,US,America/New_York,ext-789,employee,True,555-111-2222,555-333-4444,123 Main St,US,New York,NY,10001,2Federate!
21pelq03ik,21pelq03ik@mailinator.com,1dd684e3-82ee-4e68-9d25-00401bc62e7a,Jane,B,Doe,Ms.,PhD,"Ms. Jane B Doe, PhD",Janie,Engineer,en,US,America/New_York,ext-789,employee,True,555-111-2222,555-333-4444,123 Main St,US,New York,NY,10001,2Federate!
24ydwwfqvi,24ydwwfqvi@mailinator.com,1dd684e3-82ee-4e68-9d25-00401bc62e7a,Jane,B,Doe,Ms.,PhD,"Ms. Jane B Doe, PhD",Janie,Engineer,en,US,America/New_York,ext-789,employee,True,555-111-2222,555-333-4444,123 Main St,US,New York,NY,10001,2Federate!
76ugdhq08o,76ugdhq08o@mailinator.com,1dd684e3-82ee-4e68-9d25-00401bc62e7a,Jane,B,Doe,Ms.,PhD,"Ms. Jane B Doe, PhD",Janie,Engineer,en,US,America/New_York,ext-789,employee,True,555-111-2222,555-333-4444,123 Main St,US,New York,NY,10001,2Federate!
27gfvofkaj,27gfvofkaj@mailinator.com,1dd684e3-82ee-4e68-9d25-00401bc62e7a,Jane,B,Doe,Ms.,PhD,"Ms. Jane B Doe, PhD",Janie,Engineer,en,US,America/New_York,ext-789,employee,True,555-111-2222,555-333-4444,123 Main St,US,New York,NY,10001,2Federate!
08ffwykgz5,08ffwykgz5@mailinator.com,1dd684e3-82ee-4e68-9d25-00401bc62e7a,Jane,B,Doe,Ms.,PhD,"Ms. Jane B Doe, PhD",Janie,Engineer,en,US,America/New_York,ext-789,employee,True,555-111-2222,555-333-4444,123 Main St,US,New York,NY,10001,2Federate!
32cwsyxu97,32cwsyxu97@mailinator.com,1dd684e3-82ee-4e68-9d25-00401bc62e7a,Jane,B,Doe,Ms.,PhD,"Ms. Jane B Doe, PhD",Janie,Engineer,en,US,America/New_York,ext-789,employee,True,555-111-2222,555-333-4444,123 Main St,US,New York,NY,10001,2Federate!
29saf2v7kw,29saf2v7kw@mailinator.com,1dd684e3-82ee-4e68-9d25-00401bc62e7a,Jane,B,Doe,Ms.,PhD,"Ms. Jane B Doe, PhD",Janie,Engineer,en,US,America/New_York,ext-789,employee,True,555-111-2222,555-333-4444,123 Main St,US,New York,NY,10001,2Federate!
93ebb8fzyz,93ebb8fzyz@mailinator.com,1dd684e3-82ee-4e68-9d25-00401bc62e7a,Jane,B,Doe,Ms.,PhD,"Ms. Jane B Doe, PhD",Janie,Engineer,en,US,America/New_York,ext-789,employee,True,555-111-2222,555-333-4444,123 Main St,US,New York,NY,10001,2Federate!
46sfox7tj9,46sfox7tj9@mailinator.com,1dd684e3-82ee-4e68-9d25-00401bc62e7a,Jane,B,Doe,Ms.,PhD,"Ms. Jane B Doe, PhD",Janie,Engineer,en,US,America/New_York,ext-789,employee,True,555-111-2222,555-333-4444,123 Main St,US,New York,NY,10001,2Federate!
81zv8lr2y4,81zv8lr2y4@mailinator.com,1dd684e3-82ee-4e68-9d25-00401bc62e7a,Jane,B,Doe,Ms.,PhD,"Ms. Jane B Doe, PhD",Janie,Engineer,en,US,America/New_York,ext-789,employee,True,555-111-2222,555-333-4444,123 Main St,US,New York,NY,10001,2Federate!
89hi7l4w5v,89hi7l4w5v@mailinator.com,1dd684e3-82ee-4e68-9d25-00401bc62e7a,Jane,B,Doe,Ms.,PhD,"Ms. Jane B Doe, PhD",Janie,Engineer,en,US,America/New_York,ext-789,employee,True,555-111-2222,555-333-4444,123 Main St,US,New York,NY,10001,2Federate!
07qsxpds9n,07qsxpds9n@mailinator.com,1dd684e3-82ee-4e68-9d25-00401bc62e7a,Jane,B,Doe,Ms.,PhD,"Ms. Jane B Doe, PhD",Janie,Engineer,en,US,America/New_York,ext-789,employee,True,555-111-2222,555-333-4444,123 Main St,US,New York,NY,10001,2Federate!
